{"cameraMode":{"drawMode":0,"name":"Shaded","section":"Shading Mode"},"sceneLighting":false,"audioPlay":false,"sceneViewState":{"m_AlwaysRefresh":false,"showFog":true,"showSkybox":false,"showFlares":true,"showImageEffects":true,"showParticleSystems":true,"showVisualEffectGraphs":true,"m_FxEnabled":true},"in2DMode":false,"pivot":{"x":0.18912076950073243,"y":0.0014581680297851563,"z":-0.32207345962524416},"rotation":{"x":0.11235934495925904,"y":-0.3883327543735504,"z":0.0477699339389801,"w":0.9133955240249634},"size":1.6564035415649415,"orthographic":true}