{"cameraMode":{"drawMode":0,"name":"Shaded","section":"Shading Mode"},"sceneLighting":false,"audioPlay":false,"sceneViewState":{"m_AlwaysRefresh":false,"showFog":true,"showSkybox":false,"showFlares":true,"showImageEffects":true,"showParticleSystems":true,"showVisualEffectGraphs":true,"m_FxEnabled":true},"in2DMode":false,"pivot":{"x":0.09834492206573487,"y":0.09999996423721314,"z":-0.19335895776748658},"rotation":{"x":0.11235934495925904,"y":-0.3883327543735504,"z":0.0477699339389801,"w":0.9133955240249634},"size":0.5396758317947388,"orthographic":true}